1,ANTONI
2,JAN
3,ALEKSANDER
4,NIKODEM
5,FRANCISZEK
6,JAKUB
7,LEON
8,MIKOŁAJ
9,STANISŁAW
10,FILIP
11,IGNACY
12,SZYMON
13,WOJCIECH
14,ADAM
15,KACPER
16,TYMON
17,MARCEL
18,MAKSYMILIAN
19,MICHAŁ
20,WIKTOR
21,OLIWIER
22,TYMOTEUSZ
23,MIŁOSZ
24,IGOR
25,JULIAN
26,PIOTR
27,OSKAR
28,GABRIEL
29,DAWID
30,KRZYSZTOF
31,BARTOSZ
32,DOMINIK
33,NATAN
34,BRUNO
35,MATEUSZ
36,HUBERT
37,KAROL
38,ALAN
39,FABIAN
40,TOMASZ
41,MACIEJ
42,HENRYK
43,TADEUSZ
44,CEZARY
45,ARTUR
46,KSAWERY
47,PAWEŁ
48,MILAN
49,DANIEL
50,KAZIMIERZ
51,KUBA
52,KAJETAN
53,BORYS
54,BARTŁOMIEJ
55,JÓZEF
56,WITOLD
57,TEODOR
58,KAMIL
59,OLAF
60,PATRYK
61,LEO
62,MARK
63,ERYK
64,STEFAN
65,ADRIAN
66,KORNEL
67,GRZEGORZ
68,GUSTAW
69,MIESZKO
70,LEONARD
71,SEBASTIAN
72,KRYSTIAN
73,EMIL
74,MAKSYM
75,JERZY
76,FELIKS
77,RYSZARD
78,TOBIASZ
79,ARTEM
80,DAVID
81,MARCIN
82,DAMIAN
83,KONSTANTY
84,ROBERT
85,ŁUKASZ
86,RAFAŁ
87,ALEX
88,NATANIEL
89,FLORIAN
90,OLIVIER
91,REMIGIUSZ
92,ALEKS
93,PRZEMYSŁAW
94,KONRAD
95,BŁAŻEJ
96,JULIUSZ
97,RADOSŁAW
98,ALEXANDER
99,JEREMI
100,MATVII
101,OLEKSANDR
102,MAREK
103,LUCJAN
104,SAMUEL
105,ROMAN
106,IWO
107,KORDIAN
108,ALBERT
109,ANDRZEJ
110,DORIAN
111,BENIAMIN
112,JĘDRZEJ
113,ARKADIUSZ
114,LUDWIK
115,HUGO
116,MAURYCY
117,GRACJAN
118,WŁADYSŁAW
119,DMYTRO
120,MAKAR
121,FRYDERYK
122,JACEK
123,MYKHAILO
124,BOGDAN
125,TIMUR
126,EDWARD
127,MAKS
128,OLIVER
129,JEREMIASZ
130,DANYLO
131,BRAJAN
132,ALEKSY
133,ERNEST
134,IVAN
135,TYMOFII
136,NAZAR
137,VINCENT
138,DAMIR
139,LIAM
140,SEWERYN
141,LEV
142,VLADYSLAV
143,NIKITA
144,MIRON
145,WINCENTY
146,DANIIL
147,DAVYD
148,OLGIERD
149,CYPRIAN
150,DENIS
151,BOHDAN
152,MAXIMILIAN
153,NORBERT
154,MAX
155,ARON
156,ILLIA
157,VIKTOR
158,DARIUSZ
159,MATVIY
160,ANDRII
161,LUKA
162,YAROSLAV
163,TYTUS
164,KOSMA
165,MARKO
166,MAKSIM
167,MARTIN
168,VOLODYMYR
169,ZBIGNIEW
170,EMILIAN
171,OLIWER
172,TEO
173,LEONARDO
174,ARSEN
175,LEW
176,WINCENT
177,ZACHARY
178,SYLWESTER
179,MARCELI
180,BOLESŁAW
181,OKTAWIAN
182,GNIEWOMIR
183,AMADEUSZ
184,LEOPOLD
185,DEMIAN
186,BOGUMIŁ
187,SVIATOSLAV
188,PLATON
189,ZAKHAR
190,MIROSŁAW
191,NICOLAS
192,BERNARD
193,JOACHIM
194,GNIEWKO
195,BENJAMIN
196,SZCZEPAN
197,KEVIN
198,NATHAN
199,DENYS
200,NIKOLAS
201,TYMUR
202,ELIASZ
203,BOGUSŁAW
204,FRANEK
205,MARIUSZ
206,VICTOR
207,OREST
208,BRUNON
209,JAROSŁAW
210,FELICJAN
211,IVO
212,KLEMENS
213,CZESŁAW
214,OSTAP
215,KYRYLO
216,JONATAN
217,KASJAN
218,YEHOR
219,LESZEK
220,KORNELIUSZ
221,ZIEMOWIT
222,AARON
223,MYKYTA
224,BENEDYKT
225,NOAH
226,KIRILL
227,JONASZ
228,KASPIAN
229,EDMUND
230,EMANUEL
231,OLEKSII
232,MYROSLAV
233,MATVEY
234,OSCAR
235,YAN
236,FELIX
237,OLEK
238,NOE
239,MYRON
240,XAVIER
241,MYKOLA
242,HEKTOR
243,VLADISLAV
244,BASTIAN
245,HENRY
246,THEO
247,STANISLAV
248,MIECZYSŁAW
249,DANIL
250,ROCH
251,KSAWIER
252,PAVLO
253,DANYIL
254,ANATOL
255,ZYGMUNT
256,MARIAN
257,ERIK
258,MIKHAIL
259,NOEL
260,WILLIAM
261,SŁAWOMIR
262,TYMOFIY
263,KIRIL
264,BRONISŁAW
265,TIMOFEY
266,OLEG
267,SERGIUSZ
268,NIKO
269,ANTON
270,MAXIM
271,ALEK
272,EGOR
273,ANTHONY
274,BARTEK
275,ANTONIO
276,MICHAEL
277,KAI
278,LUCAS
279,ALEKSANDR
280,MAXYMILIAN
281,GLEB
282,AUGUST
283,ROSTYSLAV
284,ILYA
285,AMIR
286,SERHII
287,NATHANIEL
288,ZAHAR
289,ILIA
290,MATEO
291,KONSTANTYN
292,GERARD
293,GNIEWOSZ
294,LUCA
295,IRENEUSZ
296,KOSTIANTYN
297,AUGUSTYN
298,KYRYL
299,RUSLAN
300,ZACHARIASZ
301,LUIS
302,KEWIN
303,USTYM
304,WALDEMAR
305,VADYM
306,MAKARY
307,TYMOFIJ
308,RAFAEL
309,ELIAS
310,WIT
311,MIROSLAV
312,THEODOR
313,YURII
314,STEPAN
315,TARAS
316,LEONID
317,LOUIS
318,ERWIN
319,IWAN
320,MARSEL
321,DMITRIJ
322,SAMBOR
323,DOBROMIR
324,MATWIJ
325,IHOR
326,YEVHEN
327,LUKIAN
328,EMIR
329,DOMINIC
330,ALI
331,KRZESIMIR
332,PAVEL
333,RENAT
334,DANILO
335,RAYAN
336,BRAYAN
337,FRANK
338,KONSTANTIN
339,ANTEK
340,TEOFIL
341,OLEH
342,JACOB
343,VASYL
344,HIERONIM
345,THOMAS
346,JANUSZ
347,MARCO
348,WOJTEK
349,COLIN
350,RAGNAR
351,SIMON
352,ARMIN
353,DEMYAN
354,ZACHAR
355,MATVEI
356,ANDRIJ
357,AXEL
358,GUSTAV
359,RICHARD
360,ANDRIY
361,MILO
362,JEGOR
363,LUKAS
364,JAROSLAV
365,TADEI
366,ELDAR
367,JAMES
368,JAKOB
369,MARKUS
370,VENIAMIN
371,MARCUS
372,SVYATOSLAV
373,DIEGO
374,MATTEO
375,LUCJUSZ
376,YEVHENII
377,SANTIAGO
378,ARTHUR
379,IAN
380,NICO
381,NESTOR
382,WILHELM
383,KASPER
384,WIESŁAW
385,EUGENIUSZ
386,MANUEL
387,WŁODZIMIERZ
388,ARSENII
389,MYKHAIL
390,MATVIJ
391,EMMANUEL
392,MICHAIL
393,DIONIZY
394,ENZO
395,MUHAMMAD
396,THEODORE
397,KILIAN
398,HLIB
399,JAROSLAW
400,FRANCESCO
401,ROSTISLAV
402,NICHOLAS
403,YEGOR
404,VSEVOLOD
405,RUBEN
406,STANISLAW
407,ILLYA
408,CYRYL
409,LORENZO
410,ARIEL
411,NATANAEL
412,LESŁAW
413,EDWIN
414,MASSIMO
415,PHILIP
416,ETHAN
417,ITAN
418,KLAUDIUSZ
419,JORDAN
420,GEORGE
421,ARSENIJ
422,ZDZISŁAW
423,MIROSLAW
424,LIUBOMYR
425,ARIAN
426,NAZARII
427,TIMOTHY
428,ERIC
429,EDGAR
430,DYLAN
431,LUBOMIR
432,EMILIO
433,MIKOLAJ
434,HERMAN
435,KRYSPIN
436,PETRO
437,TIMOFII
438,VADIM
439,PATRICK
440,JONATHAN
441,JOEL
442,ŚWIATOSŁAW
443,BAZYLI
444,SEMEN
445,KAJ
446,SAVELII
447,DAJAN
448,OLEKSIY
449,HORDII
450,MICHAL
451,XAWERY
452,JOSZKO
453,ILJA
454,MIKITA
455,KRISTIAN
456,ANDREY
457,DMITRY
458,EVAN
459,RODION
460,RADOMIR
461,PAWEL
462,JOSEPH
463,LUKYAN
464,ROMEO
465,TIAGO
466,LÉON
467,ANDREI
468,SYRIUSZ
469,JANEK
470,AURELIUSZ
471,GILBERT
472,ILIAN
473,LECH
474,VALENTINO
475,JAREMA
476,TYMEK
477,ALFRED
478,YAREMA
479,VIACHESLAV
480,ARTSIOM
481,TIGRAN
482,DMITRO
483,TIMOFEI
484,IZAAK
485,DMITRII
486,TYBERIUSZ
487,RATMIR
488,SEVERYN
489,JOSHUA
490,CHRISTOPHER
491,ANTONY
492,ANATOLII
493,RYAN
494,LEU
495,VITALII
496,ARSENIY
497,MIHAIL
498,ZAYN
499,SOLOMON
500,OLEKSANDER
501,ZAKHARII
502,PAUL
503,OMAR
504,DARII
505,AMBROŻY
506,RINAT
507,HECTOR
508,KYRYLL
509,WAWRZYNIEC
510,VLAD
511,MALIK
512,ARTEMII
513,CHARLIE
514,LOGAN
515,ISMAEL
516,DANYL
517,ALEXANDROS
518,MAGNUS
519,OLES
520,ADEM
521,KSAVIER
522,MATTHEW
523,TYCJAN
524,AIDEN
525,TOBIAS
526,KARIM
527,EDUARD
528,MIKHAILO
529,ORION
530,KIRYL
531,DYMITR
532,KALEB
533,ZENON
534,CHRISTIAN
535,LIO
536,JONAS
537,MYKHAYLO
538,HEORHII
539,IVAR
540,GORDII
541,DEMIR
542,PASCAL
543,SELIM
544,SIEMOWIT
545,YUSUF
546,IBRAHIM
547,SANDRO
548,GERALD
549,YOUSSEF
550,NIKLAS
551,YELISEI
552,CARLOS
553,FRANCISCO
554,ARNOLD
555,ENES
556,SERAFIN
557,LARS
558,JOHN
559,ARES
560,LEONIDAS
561,TRISTAN
562,MIRAN
563,ZLATAN
564,FEDERICO
565,MAXIME
566,MATWII
567,LEVI
568,HERBERT
569,NIKOLOZI
570,MODEST
571,STANISLAS
572,VITO
573,CHARLES
574,DIMA
575,PABLO
576,CASPER
577,AKIM
578,ROBIN
579,TADEJ
580,ELIOT
581,TSIMAFEI
582,TOM
583,GIORGI
584,SAMIR
585,ALEXANDRE
586,FERDYNAND
587,IGNAT
588,MYCHAJLO
589,ROMUALD
590,ALESSIO
591,JASON
592,TYKHON
593,VITALIY
594,ANDRIA
595,MAKSIMILIAN
596,SWIATOSŁAW
597,GAWEŁ
598,YAKUB
599,LION
600,PHILIPP
601,LUDWIG
602,DAWYD
603,YOUSEF
604,MIŁOSŁAW
605,JAROMIR
606,TIMOFIJ
607,ARTIOM
608,MATIAS
609,YURIY
610,GERALT
611,FABIO
612,ANGELO
613,MIKE
614,MIKAEL
615,RADZIMIR
616,MATWIEJ
617,ELISEI
618,GABRIELI
619,APOLONIUSZ
620,MAXIMUS
621,MURAT
622,JASPER
623,EMIN
624,NICODEM
625,MUHAMMED
626,MYROSLAW
627,JAMIE
628,GORAN
629,ALEXANDR
630,ELIAN
631,KLIM
632,SAJMON
633,EVGENIY
634,AKSEL
635,DEMID
636,MARKIIAN
637,ANDREW
638,ANDRIAN
639,AHMED
640,IACOB
641,ASLAN
642,JACK
643,YEVGEN
644,DARIO
645,AVRAM
646,VALERII
647,JOSÉ
648,GABOR
649,LIWIUSZ
650,JURIJ
651,RODRIGO
652,DAVIT
653,APOLINARY
654,MATHIAS
655,IOANE
656,BOGUSZ
657,DEMETRE
658,KOSTEK
659,NADAR
660,ADEN
661,NINO
662,MASON
663,AYAZ
664,SAVVA
665,ALLAN
666,SERGIY
667,NIKOLOZ
668,ADIL
669,SERAFIM
670,SERHIY
671,DUY ANH
672,BENON
673,THIAGO
674,ABDULLAH
675,SANI
676,VYACHESLAV
677,ALOJZY
678,MARCJAN
679,MAXIMILLIAN
680,ANTOINE
681,MARKIYAN
682,ILYAS
683,DACJAN
684,KENAN
685,SAMI
686,VIGGO
687,LUKJAN
688,WLADYSLAW
689,FEDOR
690,PEDRO
691,AYAAN
692,ALIAKSANDR
693,OTIS
694,ELIZEUSZ
695,MILANO
696,FREDERICK
697,SAID
698,ADRIANO
699,RUDOLF
700,ARKADIY
701,PETER
702,MATWIY
703,ALEKSIEJ
704,JULIUS
705,BRANDON
706,ARMEN
707,RUSTAM
708,JUSTYN
709,TIKHON
710,ZBYSZKO
711,ALBERTO
712,MARTYN
713,ARYAN
714,DENNIS
715,ANDREAS
716,SANTINO
717,NILAN
718,DEVID
719,BEN
720,WITOSŁAW
721,NAREK
722,RAMAN
723,APOLLO
724,HRYHORII
725,YASIN
726,HLIEB
727,JOSEF
728,RICCARDO
729,ZAYAN
730,OMELIAN
731,TOMMY
732,AYAN
733,ISRAEL
734,GERMAN
735,MIGUEL
736,MARYAN
737,LUCIANO
738,JUSTIN
739,MATHEO
740,FIODOR
741,NIKOLAI
742,VALENTYN
743,DANTE
744,JAYDEN
745,CRISTIAN
746,OTTO
747,CONAN
748,LENNY
749,BALTAZAR
750,BRYAN
751,ORLANDO
752,ROLAND
753,ALEKSANDRE
754,TAMERLAN
755,NOLAN
756,RADEK
757,MYCHAJŁO
758,JEWGIENIJ
759,GORDIY
760,KENZO
761,DANILA
762,IDRIS
763,ELMIR
764,OMER
765,ILAI
766,TRAIAN
767,DENIZ
768,KONAN
769,ALEKSEY
770,SWIATOSLAW
771,MILIAN
772,TAMIRLAN
773,EWAN
774,MOHAMMAD
775,CELESTYN
776,AMIN
777,MIKO
778,KIRYŁ
779,SAVELIY
780,ZEUS
781,ZAMIR
782,ARTEMIY
783,YURI
784,GORDEY
785,MIHAILO
786,ALESSANDRO
787,MAXYMILLIAN
788,BENICIO
789,KIAN
790,DILAN
791,KHALID
792,YEREMIY
793,SYMON
794,WIACZESŁAW
795,REUBEN
796,HARRY
797,DAUD
798,ASMAN
799,RIO
800,SALWADOR
801,SAMSON
802,VALENTIN
803,ZORYAN
804,VIVAAN
805,MAXIMILIEN
806,MATEJ
807,ALİ
808,MATVIEY
809,ILIJA
810,MATWEJ
811,KHAMZA
812,AIDAR
813,ELMAR
814,ALPARSLAN
815,BJÖRN
816,ANDRÉ
817,NIKOLAJ
818,MIKOLA
819,YIGIT
820,LANDO
821,ALIM
822,FIODAR
823,AHMAD
824,HENRIK
825,SAIAN
826,RIKARDO
827,MELCHIOR
828,GAEL
829,ATHARV
830,DARIUS
831,MARAT
832,ALEC
833,MATTIA
834,EREN
835,NESIM
836,DASTIN
837,ISAIAH
838,KUZEY
839,MAISON
840,LUBOMYR
841,BRONISLAV
842,MUSTAFA
843,DARIAN
844,AURELIANO
845,PARYS
846,MACIEK
847,TIMO
848,DMITRIY
849,OLIVIA
850,MARCELO
851,WALERIAN
852,ROSTISŁAW
853,ALISTER
854,MATEI
855,ARAM
856,RICARDO
857,SAVELY
858,YASH
859,MAYANK
860,TIM
861,MICHAIŁ
862,UMAR
863,EMİR
864,MARKIAN
865,FLORIN
866,NIKOLA
867,TOMA
868,LAWRENCE
869,DIMITRI
870,JINGHENG
871,RAJMUND
872,STSIAPAN
873,ANDREA
874,JESAJA
875,VADZIM
876,FINLEY
877,MAJKEL
878,GIA BAO
879,RAUL
880,IGO
881,SERAFYM
882,AGASTYA
883,SVEN
884,AZAT
885,WITEK
886,ELISEY
887,ZACK
888,NOAM
889,PRZEMEK
890,SALOMON
891,CAMERON
892,SYED
893,SLAWOMIR
894,ODYSSEUS
895,KLIMEK
896,WITOSZ
897,DAN
898,ARMINAS
899,ELI
900,DARIY
901,ANTONIUSZ
902,KIRIŁ
903,LIONEL
904,LIAN
905,ERICK
906,AMELIA
907,STAS
908,WITO
909,ANGEL
910,DŻEJSON
911,FEDIR
912,ILLJA
913,AUGUSTE
914,DUC ANH
915,AFFAN
916,DAMIANE
917,JAROGNIEW
918,GIOVANNI
919,MIKEL
920,ODIN
921,MILOSLAV
922,AURELIUS
923,EUGENE
924,WADYM
925,GLIB
926,MINH KHANG
927,EVGENII
928,NEO
929,DUC AN
930,KASTOR
931,LÉO
932,MEHMET
933,PHILLIP
934,IMRAN
935,CHARBEL
936,MOHAMMED
937,EMILII
938,FÉLIX
939,RAJAN
940,KYLIAN
941,OLLIE
942,TOBY
943,DANI
944,ZACHARIJ
945,ISAAK
946,KOCHAN
947,ULADZISLAU
948,SAMUIL
949,ARMANDO
950,EDUARDO
951,ARSENIUSZ
952,SANTOS
953,ARI
954,IAROSLAV
955,VYOM
956,BJØRN
957,IHNAT
958,WALERY
959,JULEK
960,ZORIAN
961,ILAN
962,PROHOR
963,LENARD
964,AVYUKT
965,ASHER
966,YANNI
967,MOISE
968,SEAN
969,RAHIM
970,ELYAS
971,EINAR
972,AZAD
973,JEREMY
974,NEAL
975,OLEKSYI
976,MYKOLAI
977,TOMAS
978,GORDEI
979,LAMBERT
980,DACHI
981,ALEKSEI
982,GAJUSZ
983,CALEB
984,AYDEN
985,ELIJAH
986,EITAN
987,AZIZ
988,ZOLTAN
989,ANAS
990,HAMZA
991,RAPHAEL
992,SAVA
993,ABDULMALIK
994,TONY
995,FILEMON
996,NAZARIJ
997,AVENIR
998,YAKIV
999,DENIEL
1000,MAXYM
1001,IKER
1002,JANIS
1003,DOMANTAS
1004,SERGEI
1005,KEMAL
1006,ZIYI
1007,PARAM
1008,ŁUKA
1009,MATVIIY
1010,SEMAN
1011,WITALIS
1012,BORIS
1013,BRIAN
1014,AURELIAN
1015,KERIM
1016,TIMOFEJ
1017,SAMVEL
1018,RUVIM
1019,OSMAN
1020,TIMON
1021,BILAL
1022,RISHI
1023,QUANG VINH
1024,HLEB
1025,DEMJAN
1026,ALIAKSEI
1027,SERGII
1028,CASPIAN
1029,MARCELINO
1030,GEORGII
1031,SINAN
1032,THÉODORE
1033,TUAN KIET
